year_compra,avg(precio_unitario)
2019,14151.315789473685
2020,14392.22042139384
2021,14006.191950464396
2022,14195.548489666136
