summary,precio_unitario,porcentaje_efectividad,Ventas_Totales_Year
count,2500,2500,2500
mean,14184.4,90.0332,437064.4
stddev,6694.798336761749,5.99447005401574,63997.03196774264
min,3000,80,328000
max,25000,100,548000
